{"cameraMode":{"drawMode":0,"name":"Shaded","section":"Shading Mode"},"sceneLighting":false,"audioPlay":false,"sceneViewState":{"showFog":true,"showMaterialUpdate":false,"showSkybox":false,"showFlares":true,"showImageEffects":true,"showParticleSystems":true},"in2DMode":false,"pivot":{"x":285.44091796875,"y":158.17999267578126,"z":-4.280245780944824},"rotation":{"x":-0.0016460578190162778,"y":0.9936045408248901,"z":-0.11196231096982956,"w":-0.014606451615691185},"size":2.524172067642212,"orthographic":false}