{"cameraMode":{"drawMode":0,"name":"Shaded","section":"Shading Mode"},"sceneLighting":true,"audioPlay":false,"sceneViewState":{"showFog":true,"showMaterialUpdate":false,"showSkybox":true,"showFlares":true,"showImageEffects":true,"showParticleSystems":true},"in2DMode":false,"pivot":{"x":-1.2323858737945557,"y":-6.882961750030518,"z":33.309486389160159},"rotation":{"x":0.3029782474040985,"y":-0.15828299522399903,"z":0.0511067695915699,"w":0.9383736848831177},"size":22.968957901000978,"orthographic":false}