{"cameraMode":{"drawMode":0,"name":"Shaded","section":"Shading Mode"},"sceneLighting":true,"audioPlay":false,"sceneViewState":{"showFog":true,"showMaterialUpdate":false,"showSkybox":false,"showFlares":true,"showImageEffects":true,"showParticleSystems":true},"in2DMode":false,"pivot":{"x":-0.4544788897037506,"y":1.1268665790557862,"z":-9.57041072845459},"rotation":{"x":0.0000220679630729137,"y":-0.9993082880973816,"z":0.037201281636953357,"w":0.0005909719620831311},"size":7.056374549865723,"orthographic":false}